Customer Name,Total_Sales,Total_Quantity,Product_Diversity,Average_Price,Sales_Score,Quantity_Score,Product_Score,Segment_Score,Customer_Segment
Abernathy Group,24876667.0,60005.0,184,414.2917847025496,4,4,2,3.6,Platinum
Abernathy Group Pharmaceutical Limited,2079222.0,5490.0,151,398.68161434977577,1,1,2,1.2000000000000002,Bronze
Abernathy Group Pharmacy,34635271.0,83506.0,188,419.33846153846156,4,4,2,3.6,Platinum
Abernathy and Sons,20722227.0,50528.0,192,401.48936170212767,3,4,3,3.3000000000000003,Gold
Abernathy and Sons Pharmaceutical Limited,18857078.0,46832.0,194,403.71867007672637,3,3,3,3.0,Gold
Armstrong Inc Pharm,24643385.0,49449.0,191,415.3185595567867,4,3,3,3.5,Platinum
Armstrong Inc Pharma Plc,12315560.0,31478.0,195,418.6398104265403,2,2,3,2.2,Silver
"Armstrong, Medhurst and Bogisich Pharmaceutical Ltd",20459841.0,40993.0,191,423.09183673469386,3,3,3,3.0,Gold
"Armstrong, Medhurst and Bogisich Pharmacy",12992274.0,27292.0,182,427.23636363636365,2,2,2,2.0,Silver
Balistreri Group Pharm,18120449.0,40856.0,198,414.8075949367089,3,3,4,3.2,Gold
Balistreri Group Pharmaceutical Ltd,4643931.0,9792.0,137,415.6407766990291,1,1,1,1.0,Bronze
Balistreri Group Pharmacy,13660437.0,35607.0,193,419.4409448818898,2,2,3,2.2,Silver
"Balistreri, Torp and Gulgowski",28802458.0,54367.0,195,403.61650485436894,4,4,3,3.8000000000000003,Platinum
"Balistreri, Torp and Gulgowski Pharmacy",2792805.0,7493.0,141,392.33490566037733,1,1,1,1.0,Bronze
Balistreri-Watsica Pharma Plc,18531755.0,43855.0,191,414.5816326530612,3,3,3,3.0,Gold
Balistreri-Watsica Pharmacy,6114088.0,14491.0,147,402.3682008368201,2,2,1,1.8,Silver
Barrows Inc,3190339.0,7374.0,121,399.3791208791209,1,1,1,1.0,Bronze
Barrows Inc Pharmaceutical Limited,18879087.0,43965.0,185,416.1720430107527,3,3,2,2.8,Gold
Barrows Inc Pharmacy,26895847.0,54640.0,174,405.94166666666666,4,4,2,3.6,Platinum
"Barrows, Zboncak and Reichert Pharm",34539524.0,78335.0,201,401.99506172839506,4,4,4,4.0,Platinum
"Barrows, Zboncak and Reichert Pharma Plc",11129458.0,31508.0,195,409.00997506234415,2,2,3,2.2,Silver
Barrows-Kohler Pharm,17624215.0,44000.0,194,402.2767441860465,3,3,3,3.0,Gold
Barrows-Kohler Pharma Plc,24862159.0,60804.0,194,400.6221662468514,4,4,3,3.8000000000000003,Platinum
Bartoletti-Altenwerth,1993484.0,7188.0,128,416.63243243243244,1,1,1,1.0,Bronze
Bartoletti-Altenwerth Pharm,13173562.0,42625.0,185,410.5625,2,3,2,2.3,Silver
Barton Ltd Pharm,26870627.0,53780.0,200,408.0987654320988,4,4,4,4.0,Platinum
Barton Ltd Pharma Plc,2789921.0,8064.0,129,396.6806282722513,1,1,1,1.0,Bronze
Barton Ltd Pharmaceutical Limited,19688697.0,47091.0,196,404.14520547945204,3,3,4,3.2,Gold
Bashirian Group,12813673.0,29677.0,184,415.5041782729805,2,2,2,2.0,Silver
Bashirian Group Pharmacy,18573169.0,56909.0,191,396.76438356164385,3,4,3,3.3000000000000003,Gold
Bashirian-Kassulke Pharma Plc,1997481.0,9787.0,139,392.5934579439252,1,1,1,1.0,Bronze
Bashirian-Kassulke Pharmacy,20508727.0,43681.0,187,415.140625,3,3,2,2.8,Gold
Bayer LLC,34834444.0,73568.0,196,410.6450839328537,4,4,4,4.0,Platinum
Bayer LLC Pharm,12960048.0,35020.0,191,406.86614173228344,2,2,3,2.2,Silver
Bayer LLC Pharmaceutical Ltd,2324731.0,6534.0,133,416.13658536585365,1,1,1,1.0,Bronze
"Beahan, Littel and Ondricka",15585678.0,44383.0,191,394.353591160221,2,3,3,2.5,Silver
"Beahan, Littel and Ondricka Pharma Plc",17506161.0,42640.0,192,415.6461126005362,3,3,3,3.0,Gold
"Beahan, Littel and Ondricka Pharmacy",2399758.0,5744.0,128,402.2110552763819,1,1,1,1.0,Bronze
"Beer, Kohler and Beatty",27426626.0,81530.0,189,421.31876606683807,4,4,2,3.6,Platinum
"Beer, Kohler and Beatty Pharmaceutical Ltd",2959937.0,6819.0,147,382.72685185185185,1,1,1,1.0,Bronze
"Beer, Kohler and Beatty Pharmacy",20164440.0,51361.0,184,405.2403100775194,3,4,2,3.1,Gold
Beier PLC,13148370.25753,33912.7157191,195,391.95061728395063,2,2,3,2.2,Silver
Beier PLC Pharm,25378116.40704,61211.7035176,197,400.33098591549293,4,4,4,4.0,Platinum
Beier PLC Pharma Plc,22310763.0,54082.0,187,421.4263157894737,4,4,2,3.6,Platinum
Beier PLC Pharmacy,3264824.0,9417.0,143,404.41089108910893,1,1,1,1.0,Bronze
"Bernier, Murphy and Rau Pharma Plc",14620034.0,33560.0,191,420.7445652173913,2,2,3,2.2,Silver
"Bernier, Murphy and Rau Pharmaceutical Limited",25860721.0,67319.0,196,397.73979591836735,4,4,4,4.0,Platinum
"Bernier, Murphy and Rau Pharmaceutical Ltd",4338922.0,9289.0,112,408.6951219512195,1,1,1,1.0,Bronze
"Blanda, Stehr and Gleason Pharma Plc",17899263.0,37427.0,195,414.9845758354756,3,2,3,2.7,Gold
"Blanda, Stehr and Gleason Pharmaceutical Ltd",15502581.0,37753.0,180,411.0747922437673,2,2,2,2.0,Silver
"Blick, Pacocha and Schowalter",4866124.0,15111.0,141,422.58222222222224,1,2,1,1.3,Bronze
"Blick, Pacocha and Schowalter Pharmaceutical Limited",12122039.0,33206.0,192,416.50515463917526,2,2,3,2.2,Silver
"Blick, Pacocha and Schowalter Pharmacy",12145917.0,34994.0,192,402.4311688311688,2,2,3,2.2,Silver
"Block, Thiel and Kuphal Pharm",19367044.0,39922.0,192,422.0483870967742,3,2,3,2.7,Gold
"Block, Thiel and Kuphal Pharmaceutical Limited",17154476.0,43739.0,188,400.35078534031413,3,3,2,2.8,Gold
Block-Romaguera,21344191.0,65017.0,201,404.56553398058253,4,4,4,4.0,Platinum
Block-Romaguera Pharmaceutical Limited,3611190.0,8570.0,140,398.2903225806452,1,1,1,1.0,Bronze
Block-Romaguera Pharmacy,15793125.0,37776.0,191,416.4947643979058,2,2,3,2.2,Silver
"Bogan, Jacobs and Kris Pharmaceutical Limited",13625131.0,30832.0,187,404.42105263157896,2,2,2,2.0,Silver
"Bogan, Jacobs and Kris Pharmaceutical Ltd",31085593.0,60710.0,190,439.3888888888889,4,4,2,3.6,Platinum
"Bogan, Jacobs and Kris Pharmacy",2456080.0,5906.0,138,405.9033816425121,1,1,1,1.0,Bronze
Bosco-Marquardt Pharm,3124277.0,8138.0,126,392.2040816326531,1,1,1,1.0,Bronze
Bosco-Marquardt Pharmaceutical Limited,25433148.0,50137.0,193,415.2391304347826,4,3,3,3.5,Platinum
Bosco-Marquardt Pharmaceutical Ltd,29978482.0,62786.0,197,408.73316062176167,4,4,4,4.0,Platinum
Botsford PLC,24768128.0,60535.0,195,413.5152224824356,4,4,3,3.8000000000000003,Platinum
Botsford PLC Pharmacy,3338687.0,6975.0,126,414.5585106382979,1,1,1,1.0,Bronze
Botsford and Sons,20852469.0,61416.0,198,419.8295739348371,3,4,4,3.5,Platinum
Botsford and Sons Pharma Plc,16780942.0,40805.0,195,422.98743718592965,3,3,3,3.0,Gold
Botsford and Sons Pharmaceutical Ltd,4444486.0,9875.0,130,430.63106796116506,1,1,1,1.0,Bronze
Boyer and Sons,17718374.0,46873.0,194,421.6085918854415,3,3,3,3.0,Gold
Boyer and Sons Pharmaceutical Limited,6574331.0,14987.0,148,413.51528384279476,2,2,1,1.8,Silver
Boyer and Sons Pharmaceutical Ltd,15911451.0,40402.0,198,420.14588235294116,2,2,4,2.4000000000000004,Silver
"Brakus, Rempel and Harber Pharm",13020611.0,33614.0,196,407.1625,2,2,4,2.4000000000000004,Silver
"Brakus, Rempel and Harber Pharma Plc",1780951.0,5240.0,121,412.7314285714286,1,1,1,1.0,Bronze
"Brakus, Rempel and Harber Pharmacy",18095126.0,52930.0,199,412.36385542168676,3,4,4,3.5,Platinum
Breitenberg-Kuhn,14175297.0,44526.0,193,417.3501326259947,2,3,3,2.5,Silver
Breitenberg-Kuhn Pharma Plc,19173245.0,44716.0,187,409.9397260273973,3,3,2,2.8,Gold
Breitenberg-Kuhn Pharmacy,3648594.0,8987.0,134,433.96634615384613,1,1,1,1.0,Bronze
Buckridge Inc Pharm,18752650.0,44008.0,187,415.8632707774799,3,3,2,2.8,Gold
Buckridge Inc Pharmaceutical Limited,19855032.0,47673.0,196,403.7314148681055,3,3,4,3.2,Gold
"Buckridge, Dach and Carroll",18470960.0,42025.0,196,400.8220551378446,3,3,4,3.2,Gold
"Buckridge, Dach and Carroll Pharmaceutical Limited",2606825.0,7956.0,127,391.1025641025641,1,1,1,1.0,Bronze
"Buckridge, Dach and Carroll Pharmaceutical Ltd",25142017.0,56309.5,197,402.6363636363636,4,4,4,4.0,Platinum
"Buckridge, Hand and Hyatt",13511491.0,36377.0,191,402.15384615384613,2,2,3,2.2,Silver
"Buckridge, Hand and Hyatt Pharma Plc",4539521.0,12462.0,139,396.5571428571429,1,1,1,1.0,Bronze
"Buckridge, Hand and Hyatt Pharmaceutical Ltd",36107411.0,92146.0,195,416.8129496402878,4,4,3,3.8000000000000003,Platinum
Buckridge-Davis,2894720.0,6257.0,136,409.0304568527919,1,1,1,1.0,Bronze
Buckridge-Davis Pharmaceutical Limited,26096674.0,52257.0,204,413.14888337468983,4,4,4,4.0,Platinum
Buckridge-Davis Pharmaceutical Ltd,17481679.0,38939.0,192,432.7718446601942,3,2,3,2.7,Gold
Buckridge-Strosin Pharma Plc,30221186.0,68590.0,195,411.2111650485437,4,4,3,3.8000000000000003,Platinum
Buckridge-Strosin Pharmaceutical Limited,2717132.0,6738.0,117,411.4130434782609,1,1,1,1.0,Bronze
Buckridge-Strosin Pharmaceutical Ltd,33261230.3419,71354.96166100001,186,420.34647887323945,4,4,2,3.6,Platinum
Carter-Conn Pharm,17098169.0,46054.0,187,407.17021276595744,3,3,2,2.8,Gold
Carter-Conn Pharma Plc,6825490.0,12748.0,150,407.92792792792795,2,2,2,2.0,Silver
Carter-Conn Pharmaceutical Ltd,16124613.0,42400.0,195,406.02985074626866,2,3,3,2.5,Silver
Cartwright-Fay,17323557.0,45514.0,189,399.895,3,3,2,2.8,Gold
Cartwright-Fay Pharmaceutical Ltd,16730721.0,41336.0,185,421.5833333333333,3,3,2,2.8,Gold
"Casper, Hyatt and Jakubowski Pharmaceutical Limited",2748326.0,8683.0,138,385.3152709359606,1,1,1,1.0,Bronze
"Casper, Hyatt and Jakubowski Pharmaceutical Ltd",24533946.0,52330.0,198,413.9604938271605,4,4,4,4.0,Platinum
"Casper, Hyatt and Jakubowski Pharmacy",16258870.0,38308.0,180,410.1867816091954,3,2,2,2.5,Silver
Cassin PLC Pharma Plc,26126485.0,56851.0,191,427.2643391521197,4,4,3,3.8000000000000003,Platinum
Cassin PLC Pharmaceutical Limited,21760605.0,49843.0,202,419.21813725490193,4,3,4,3.7,Platinum
Cassin PLC Pharmacy,3055438.0,7028.0,151,418.04128440366975,1,1,2,1.2000000000000002,Bronze
Collins-Schmidt Pharma Plc,13474719.361,37594.5559105,196,413.84986595174263,2,2,4,2.4000000000000004,Silver
Collins-Schmidt Pharmaceutical Limited,12781136.0,31412.0,195,421.57512953367876,2,2,3,2.2,Silver
"Corkery, Trantow and Ferry Pharm",26198762.0,58611.0,199,418.50387596899225,4,4,4,4.0,Platinum
"Corkery, Trantow and Ferry Pharma Plc",20195908.0,43315.0,194,438.104,3,3,3,3.0,Gold
Corkery-Kovacek Pharm,30091420.0,62039.0,199,424.5802752293578,4,4,4,4.0,Platinum
Corkery-Kovacek Pharma Plc,22438560.0,48978.0,196,426.4453125,4,3,4,3.7,Platinum
"Cormier, Dietrich and Zulauf Pharma Plc",4507086.0,9548.0,126,416.6358695652174,1,1,1,1.0,Bronze
"Cormier, Dietrich and Zulauf Pharmaceutical Limited",19559458.0,49577.0,188,384.48806366047745,3,3,2,2.8,Gold
"Cormier, Dietrich and Zulauf Pharmacy",28329883.0,67548.0,197,418.9465648854962,4,4,4,4.0,Platinum
Cremin-Zemlak Pharma Plc,14709283.0,40327.0,190,423.2189189189189,2,2,2,2.0,Silver
Cremin-Zemlak Pharmaceutical Limited,16188040.0,34655.0,192,416.2021857923497,2,2,3,2.2,Silver
Crist Inc,5137959.0,11799.0,143,417.0230414746544,2,1,1,1.5,Bronze
Crist Inc Pharma Plc,14113368.0,32387.0,191,421.6981627296588,2,2,3,2.2,Silver
Crist Inc Pharmaceutical Ltd,13297454.0,47908.0,183,400.0,2,3,2,2.3,Silver
Crist LLC,14504025.0,39980.0,195,408.534435261708,2,2,3,2.2,Silver
Crist LLC Pharma Plc,17935445.0,45505.0,190,413.3542234332425,3,3,2,2.8,Gold
Crist Ltd Pharma Plc,14899138.0,41781.0,189,429.9465240641711,2,3,2,2.3,Silver
"Crist, Wisoky and Nolan Pharm",22827209.0,51785.0,182,407.3207547169811,4,4,2,3.6,Platinum
"Crist, Wisoky and Nolan Pharmaceutical Limited",15833467.0,38340.0,190,391.10026385224273,2,2,2,2.0,Silver
"Crist, Wisoky and Nolan Pharmaceutical Ltd",4637033.0,14670.0,146,414.2477477477477,1,2,1,1.3,Bronze
Crona Group,15164236.5,36914.31,192,405.462962962963,2,2,3,2.2,Silver
Crona Group Pharma Plc,3129089.0,9243.0,139,416.95631067961165,1,1,1,1.0,Bronze
Crona PLC Pharma Plc,2047523.0,5998.0,146,387.37619047619046,1,1,1,1.0,Bronze
Crona PLC Pharmaceutical Ltd,21129596.0,62847.0,191,397.2450980392157,4,4,3,3.8000000000000003,Platinum
Crona PLC Pharmacy,15562126.0,34697.0,191,414.36052631578946,2,2,3,2.2,Silver
Cummings LLC,15615225.0,43490.0,182,396.42397660818716,2,3,2,2.3,Silver
Cummings LLC Pharmaceutical Ltd,20236110.0,42766.0,187,395.92934782608694,3,3,2,2.8,Gold
D'Amore and Sons,2652079.0,7064.0,133,404.82296650717706,1,1,1,1.0,Bronze
D'Amore and Sons Pharm,26467886.0,50860.0,202,423.81775700934577,4,4,4,4.0,Platinum
D'Amore and Sons Pharmacy,14282238.0,41130.0,196,407.6745843230404,2,3,4,2.7,Gold
Dach Ltd Pharm,16935870.0,47157.0,200,418.89473684210526,3,3,4,3.2,Gold
Dach Ltd Pharma Plc,20993338.0,60721.0,196,400.4455205811138,4,4,4,4.0,Platinum
Dach PLC,18546157.0,40842.0,189,420.6837837837838,3,3,2,2.8,Gold
Dach PLC Pharm,26222321.0,75301.0,192,416.72340425531917,4,4,3,3.8000000000000003,Platinum
"Daniel, Baumbach and Nitzsche",23306130.0,52118.0,197,422.1595744680851,4,4,4,4.0,Platinum
"Daniel, Baumbach and Nitzsche Pharmacy",13915632.5089,38522.5512759,197,414.8449197860963,2,2,4,2.4000000000000004,Silver
Daugherty-Rempel Pharm,23762988.0,53772.0,196,426.0457831325301,4,4,4,4.0,Platinum
Daugherty-Rempel Pharma Plc,4546602.0,13251.0,131,423.10994764397907,1,2,1,1.3,Bronze
Daugherty-Rempel Pharmaceutical Limited,17559603.0,44888.0,192,417.90673575129534,3,3,3,3.0,Gold
"Denesik, Walter and Beatty",12650974.0,31228.0,191,407.4397905759162,2,2,3,2.2,Silver
"Denesik, Walter and Beatty Pharma Plc",3484514.0,8513.0,136,414.4809523809524,1,1,1,1.0,Bronze
"Denesik, Walter and Beatty Pharmacy",15682041.0,38873.0,196,420.578431372549,2,2,4,2.4000000000000004,Silver
Denesik-Hintz Pharm,2392035.0,6656.0,147,387.92792792792795,1,1,1,1.0,Bronze
Denesik-Hintz Pharma Plc,14681500.0,32868.0,192,429.82105263157894,2,2,3,2.2,Silver
Denesik-Hintz Pharmaceutical Limited,14276666.0,38250.0,180,426.3511235955056,2,2,2,2.0,Silver
Doyle-Tillman Pharm,17738035.0,37893.0,194,429.58047493403694,3,2,3,2.7,Gold
Doyle-Tillman Pharmaceutical Limited,21692895.0,51801.0,200,417.519801980198,4,4,4,4.0,Platinum
Doyle-Tillman Pharmaceutical Ltd,7158142.0,18709.0,143,400.5753424657534,2,2,1,1.8,Silver
Durgan-Rice Pharmaceutical Ltd,19881661.979592,46451.91836735,196,397.0796915167095,3,3,4,3.2,Gold
Durgan-Rice Pharmacy,18052321.0,40361.0,193,424.38363171355496,3,2,3,2.7,Gold
"Effertz, Heaney and Tillman Pharm",16753635.0,48935.0,194,421.17380352644835,3,3,3,3.0,Gold
"Effertz, Heaney and Tillman Pharma Plc",17984317.0,43797.0,187,396.1913875598086,3,3,2,2.8,Gold
"Effertz, Heaney and Tillman Pharmaceutical Ltd",3432986.0,8130.0,136,422.76146788990826,1,1,1,1.0,Bronze
Emard-O'Connell Pharm,19971681.0,50262.0,192,416.9871134020619,3,3,3,3.0,Gold
Emard-O'Connell Pharmaceutical Ltd,20531534.0,46535.0,194,419.3627450980392,3,3,3,3.0,Gold
Emard-O'Connell Pharmacy,3676546.0,8508.0,130,426.6020408163265,1,1,1,1.0,Bronze
Erdman PLC,18568129.0,44089.0,192,421.84864864864863,3,3,3,3.0,Gold
Erdman PLC Pharma Plc,15429328.0,36431.0,182,420.09893048128345,2,2,2,2.0,Silver
Erdman PLC Pharmacy,3183228.0,9489.0,137,404.77777777777777,1,1,1,1.0,Bronze
"Erdman, Senger and Oberbrunner Pharm",4230846.0,8439.0,141,399.11764705882354,1,1,1,1.0,Bronze
"Erdman, Senger and Oberbrunner Pharmaceutical Ltd",14186478.0,32876.0,183,423.37393767705385,2,2,2,2.0,Silver
"Erdman, Senger and Oberbrunner Pharmacy",22043224.0,59509.0,192,412.6650124069479,4,4,3,3.8000000000000003,Platinum
Fadel-West,3189603.0,6907.0,124,405.5,1,1,1,1.0,Bronze
Fadel-West Pharmaceutical Ltd,36767294.0,85355.0,185,413.8794520547945,4,4,2,3.6,Platinum
Fadel-West Pharmacy,40355816.0,85666.0,187,418.9539295392954,4,4,2,3.6,Platinum
Fahey-Flatley,14572760.0,33636.0,195,415.750656167979,2,2,3,2.2,Silver
Fahey-Flatley Pharmaceutical Ltd,21702505.0,62353.0,197,405.91358024691357,4,4,4,4.0,Platinum
Fahey-Prosacco Pharmaceutical Limited,24011986.0,55843.0,176,434.2032967032967,4,4,2,3.6,Platinum
Fahey-Prosacco Pharmacy,18990780.0,56039.0,198,417.23136246786635,3,4,4,3.5,Platinum
Feest PLC,2021466.0,5726.0,126,420.9672131147541,1,1,1,1.0,Bronze
Feest PLC Pharmaceutical Limited,22126737.0,47438.0,189,411.59580052493436,4,3,2,3.3,Gold
Feest PLC Pharmaceutical Ltd,18496533.0,46391.0,194,424.18066157760813,3,3,3,3.0,Gold
Feest-Kshlerin,13525280.0,35530.0,188,402.323155216285,2,2,2,2.0,Silver
Feest-Kshlerin Pharma Plc,10446536.0,26994.0,181,416.3736559139785,2,2,2,2.0,Silver
Feest-Kshlerin Pharmaceutical Ltd,5283949.0,10156.0,146,444.0390243902439,2,1,1,1.5,Bronze
Feest-Roob Pharmaceutical Limited,16699897.0,41112.0,195,407.0143198090692,3,3,3,3.0,Gold
Feest-Roob Pharmaceutical Ltd,2705799.0,7137.0,130,418.0612244897959,1,1,1,1.0,Bronze
Feest-Roob Pharmacy,12432676.0,30757.0,192,393.1034482758621,2,2,3,2.2,Silver
Franecki Inc Pharma Plc,14514932.0,34755.0,195,419.51842751842753,2,2,3,2.2,Silver
Franecki Inc Pharmacy,16460568.0,33527.0,194,408.969696969697,3,2,3,2.7,Gold
Friesen Group,17341092.0,46212.0,199,409.8030303030303,3,3,4,3.2,Gold
Friesen Group Pharm,24254576.0,67872.0,189,400.05357142857144,4,4,2,3.6,Platinum
Fritsch LLC Pharm,18245919.0,41714.0,194,405.27431421446386,3,3,3,3.0,Gold
Fritsch LLC Pharmaceutical Ltd,24462152.0,56260.0,206,420.2440318302387,4,4,4,4.0,Platinum
"Fritsch, Hodkiewicz and Sipes Pharma Plc",23370239.0,52368.0,205,426.4576659038902,4,4,4,4.0,Platinum
"Fritsch, Hodkiewicz and Sipes Pharmacy",13618070.0,34098.0,188,408.82465753424657,2,2,2,2.0,Silver
Fritsch-Hauck Pharm,13243526.0,31175.0,186,419.10693641618496,2,2,2,2.0,Silver
Fritsch-Hauck Pharma Plc,2973355.0,7393.0,143,423.17874396135267,1,1,1,1.0,Bronze
Fritsch-Hauck Pharmaceutical Ltd,20050325.0,42318.0,193,410.449591280654,3,3,3,3.0,Gold
Funk PLC Pharm,17589925.00639,40707.536741,192,409.0147058823529,3,2,3,2.7,Gold
Funk PLC Pharma Plc,15286470.0,35598.0,198,417.031941031941,2,2,4,2.4000000000000004,Silver
Funk PLC Pharmaceutical Limited,4191722.0,9411.0,148,438.13084112149534,1,1,1,1.0,Bronze
Funk and Sons Pharm,13871742.0,34948.0,195,421.9796437659033,2,2,3,2.2,Silver
Funk and Sons Pharmaceutical Limited,3182287.0,7574.0,140,395.0637254901961,1,1,1,1.0,Bronze
Funk and Sons Pharmacy,27629333.6,68974.4,190,424.18461538461537,4,4,2,3.6,Platinum
"Funk, Ratke and Heaney",29152180.0,66122.0,198,430.639896373057,4,4,4,4.0,Platinum
"Funk, Ratke and Heaney Pharma Plc",18351514.0,47287.0,185,383.6347607052897,3,3,2,2.8,Gold
"Funk, Ratke and Heaney Pharmacy",3897042.0,9133.0,142,421.6990291262136,1,1,1,1.0,Bronze
"Gerhold, Mills and Effertz",10508296.0,26871.0,187,403.17783505154637,2,2,2,2.0,Silver
"Gerhold, Mills and Effertz Pharm",3138581.0,7233.0,135,438.5430107526882,1,1,1,1.0,Bronze
"Gerhold, Mills and Effertz Pharma Plc",10465861.0,28473.0,187,402.869109947644,2,2,2,2.0,Silver
Gerlach LLC,3319091.0,7289.0,147,421.1181818181818,1,1,1,1.0,Bronze
Gerlach LLC Pharma Plc,15092746.0,38419.0,193,415.9583333333333,2,2,3,2.2,Silver
Gerlach LLC Pharmacy,18156445.25,35756.25,182,411.37628865979383,3,2,2,2.5,Silver
Gerlach PLC Pharmaceutical Ltd,18232829.0,45977.0,193,418.9763779527559,3,3,3,3.0,Gold
Gibson-Hill,18790176.0,47688.0,193,410.70332480818416,3,3,3,3.0,Gold
Gibson-Hill Pharma Plc,3867089.0,9160.0,145,411.2114537444934,1,1,1,1.0,Bronze
Gibson-Hill Pharmaceutical Limited,24554301.0,55262.0,201,421.064039408867,4,4,4,4.0,Platinum
Gleason PLC Pharma Plc,18345826.0,46418.0,183,418.71989528795814,3,3,2,2.8,Gold
Gleason PLC Pharmaceutical Limited,22282456.0,49218.0,196,419.12698412698415,4,3,4,3.7,Platinum
"Gleichner, Bahringer and Morar Pharma Plc",3312361.0,9552.0,144,377.46543778801845,1,1,1,1.0,Bronze
"Gleichner, Bahringer and Morar Pharmaceutical Limited",43779381.0,100146.0,188,411.37113402061857,4,4,2,3.6,Platinum
"Gleichner, Bahringer and Morar Pharmacy",15652843.0,40186.0,189,395.8255208333333,2,2,2,2.0,Silver
Goldner-Tillman Pharm,37935553.0,78970.0,200,407.6363636363636,4,4,4,4.0,Platinum
Goldner-Tillman Pharmacy,22575320.0,48112.0,187,427.9548872180451,4,3,2,3.3,Gold
Gottlieb-Cruickshank Pharm,16287002.0,47517.0,191,396.98445595854923,3,3,3,3.0,Gold
Gottlieb-Cruickshank Pharma Plc,2848546.0,7423.0,142,413.8356807511737,1,1,1,1.0,Bronze
Gottlieb-Koss Pharm,30339224.0,62608.0,193,427.4347826086956,4,4,3,3.8000000000000003,Platinum
Gottlieb-Koss Pharmacy,17658742.0,48045.0,182,416.171581769437,3,3,2,2.8,Gold
Graham and Sons Pharm,21646429.68342,50109.6984925,195,408.62849872773535,4,3,3,3.5,Platinum
Graham and Sons Pharma Plc,18293117.0,46074.0,193,398.5662337662338,3,3,3,3.0,Gold
Graham and Sons Pharmacy,2682005.0,6142.0,141,414.14925373134326,1,1,1,1.0,Bronze
"Greenholt, Donnelly and O'Reilly Pharmaceutical Limited",2195889.0,5948.0,134,425.3175355450237,1,1,1,1.0,Bronze
"Greenholt, Donnelly and O'Reilly Pharmaceutical Ltd",17688642.0,41355.0,186,388.21866666666665,3,3,2,2.8,Gold
"Grimes, Jacobs and Durgan Pharm",2243375.0,5289.0,119,404.33684210526314,1,1,1,1.0,Bronze
"Grimes, Jacobs and Durgan Pharma Plc",18473363.0,38813.0,193,409.5398457583548,3,2,3,2.7,Gold
Gulgowski-Vandervort Pharm,16454043.0,39326.0,199,406.1892523364486,3,2,4,2.9000000000000004,Gold
Gulgowski-Vandervort Pharma Plc,26263639.0,60665.0,178,398.3776041666667,4,4,2,3.6,Platinum
"Haag, Bradtke and Terry",36155634.0,66197.0,201,408.2121212121212,4,4,4,4.0,Platinum
"Haag, Bradtke and Terry Pharm",11107603.0,32210.0,192,405.28395061728395,2,2,3,2.2,Silver
"Haag, Bradtke and Terry Pharmacy",2105639.0,5770.0,131,406.655,1,1,1,1.0,Bronze
"Hahn, Rutherford and Gislason Pharm",12465536.0,35404.0,192,425.25515463917526,2,2,3,2.2,Silver
"Hahn, Rutherford and Gislason Pharmaceutical Limited",2348617.0,6686.0,131,386.935,1,1,1,1.0,Bronze
"Hahn, Rutherford and Gislason Pharmacy",13647046.0,34398.0,195,430.3092269326683,2,2,3,2.2,Silver
Haley PLC Pharmaceutical Limited,3083122.0,6776.0,137,410.6595744680851,1,1,1,1.0,Bronze
Haley PLC Pharmacy,23473886.0,55335.0,201,400.92972972972973,4,4,4,4.0,Platinum
"Hammes, Bashirian and Pacocha",13911219.0,37334.0,197,406.7395833333333,2,2,4,2.4000000000000004,Silver
"Hammes, Bashirian and Pacocha Pharmacy",11667849.0,33945.0,188,388.08877284595303,2,2,2,2.0,Silver
Hane Ltd,21229550.244147,56809.11705686,182,409.54773869346735,4,4,2,3.6,Platinum
Hane Ltd Pharmaceutical Ltd,18353020.0,43423.0,188,423.7554347826087,3,3,2,2.8,Gold
Hansen Group Pharm,3631981.0,8228.0,139,398.09952606635073,1,1,1,1.0,Bronze
Hansen Group Pharmacy,17569970.0,58173.0,193,419.3533834586466,3,4,3,3.3000000000000003,Gold
"Hansen, Fadel and Schroeder Pharm",2225392.0,5398.0,136,406.64285714285717,1,1,1,1.0,Bronze
"Hansen, Fadel and Schroeder Pharma Plc",18012485.0,47800.0,184,402.1704260651629,3,3,2,2.8,Gold
"Hansen, Fadel and Schroeder Pharmaceutical Ltd",18099093.0,42202.0,199,398.93203883495147,3,3,4,3.2,Gold
"Harris, Daugherty and Okuneva Pharm",27261177.0,58556.0,194,407.92401960784315,4,4,3,3.8000000000000003,Platinum
"Harris, Daugherty and Okuneva Pharma Plc",1948473.0,5748.0,137,381.7208121827411,1,1,1,1.0,Bronze
"Harris, Daugherty and Okuneva Pharmaceutical Limited",17697168.0,45091.0,192,422.6524064171123,3,3,3,3.0,Gold
Harris-Conroy Pharm,23313821.0,89513.0,199,402.43467933491684,4,4,4,4.0,Platinum
Harris-Conroy Pharmacy,18059065.0,50788.0,192,437.61096605744126,3,4,3,3.3000000000000003,Gold
Hartmann-Wolf,2101036.0,5237.0,134,448.0260416666667,1,1,1,1.0,Bronze
Hartmann-Wolf Pharmaceutical Limited,15002150.0,39191.0,192,415.3045685279188,2,2,3,2.2,Silver
Hartmann-Wolf Pharmacy,22818672.0,54571.0,194,416.96068796068795,4,4,3,3.8000000000000003,Platinum
Hayes-Kilback Pharma Plc,20511137.0,92025.0,199,386.3533834586466,3,4,4,3.5,Platinum
Hayes-Kilback Pharmaceutical Limited,37181108.0,76528.0,196,416.12664907651714,4,4,4,4.0,Platinum
Hayes-Kilback Pharmaceutical Ltd,3964929.0,9378.0,143,400.3778801843318,1,1,1,1.0,Bronze
"Heathcote, Grant and Witting Pharm",3030441.0,6530.0,138,416.1221719457014,1,1,1,1.0,Bronze
"Heathcote, Grant and Witting Pharmaceutical Limited",22097548.0,52834.0,198,387.5833333333333,4,4,4,4.0,Platinum
"Heathcote, Grant and Witting Pharmacy",29273736.0,72850.0,197,406.2307692307692,4,4,4,4.0,Platinum
"Heathcote, Kovacek and Parker",16331539.0,39167.0,191,393.46943765281173,3,2,3,2.7,Gold
Heidenreich Group Pharm,14083983.63317,37022.9095477,196,417.280701754386,2,2,4,2.4000000000000004,Silver
Heidenreich Group Pharmaceutical Ltd,3849892.0,9134.0,132,407.52153110047846,1,1,1,1.0,Bronze
Heidenreich Group Pharmacy,30216194.0,73289.0,186,387.185,4,4,2,3.6,Platinum
Heller-Abernathy,4394462.0,10130.0,138,412.4952380952381,1,1,1,1.0,Bronze
Heller-Abernathy Pharma Plc,17794218.0,49022.0,194,396.115,3,3,3,3.0,Gold
Heller-Abernathy Pharmaceutical Limited,20685879.0,42969.0,192,427.1517412935323,3,3,3,3.0,Gold
"Herman, Rice and Rippin",2270513.0,6010.0,148,393.22330097087377,1,1,1,1.0,Bronze
"Herman, Rice and Rippin Pharm",20974624.0,50051.0,195,425.9046454767726,4,3,3,3.5,Platinum
"Herman, Rice and Rippin Pharmaceutical Limited",27376951.0,89645.0,198,402.4713216957606,4,4,4,4.0,Platinum
Herman-Koss Pharm,3426586.0,9988.0,130,381.3333333333333,1,1,1,1.0,Bronze
Herman-Koss Pharmaceutical Limited,20436900.04348,52304.167224079996,194,422.6606683804627,3,4,3,3.3000000000000003,Gold
Herman-Koss Pharmaceutical Ltd,22849800.0,78706.0,196,416.8341836734694,4,4,4,4.0,Platinum
Hermiston LLC,3507057.0,7171.0,149,409.61682242990656,1,1,2,1.2000000000000002,Bronze
Hermiston LLC Pharm,14705734.0,52288.0,188,401.43169398907105,2,4,2,2.6,Gold
Hermiston LLC Pharmaceutical Limited,18657693.7652,40107.8299595,183,424.8307291666667,3,2,2,2.5,Silver
Hermiston LLC Pharmaceutical Ltd,16170352.0,44686.0,187,409.20485175202157,2,3,2,2.3,Silver
Hermiston and Sons Pharma Plc,2715991.0,6999.0,150,424.1187214611872,1,1,2,1.2000000000000002,Bronze
Hermiston and Sons Pharmaceutical Ltd,16744798.0,41248.0,197,395.8759305210918,3,3,4,3.2,Gold
Hermiston and Sons Pharmacy,17283582.0,41263.0,197,424.44897959183675,3,3,4,3.2,Gold
Hill Ltd,3483214.0,10037.0,140,418.14084507042253,1,1,1,1.0,Bronze
Hill Ltd Pharma Plc,13628308.0,27227.0,185,424.52298850574715,2,2,2,2.0,Silver
Hill Ltd Pharmaceutical Limited,15510941.0,36363.0,197,409.24664879356567,2,2,4,2.4000000000000004,Silver
Hill-Daniel,20537571.0,46529.0,184,417.3368983957219,3,3,2,2.8,Gold
Hill-Daniel Pharmaceutical Ltd,27600353.0,57683.0,192,413.1736842105263,4,4,3,3.8000000000000003,Platinum
"Hills, Stroman and Ernser",15665366.0,34386.0,196,410.374358974359,2,2,4,2.4000000000000004,Silver
"Hills, Stroman and Ernser Pharm",2448488.0,6239.0,130,398.5736040609137,1,1,1,1.0,Bronze
"Hills, Stroman and Ernser Pharmaceutical Ltd",15004858.0,38736.0,191,418.91269841269843,2,2,3,2.2,Silver
"Hirthe, Williamson and Macejkovic",20701441.0,76610.0,195,407.74940334128877,3,4,3,3.3000000000000003,Gold
"Hirthe, Williamson and Macejkovic Pharma Plc",2735314.0,9675.0,141,379.752427184466,1,1,1,1.0,Bronze
"Hirthe, Williamson and Macejkovic Pharmacy",19467179.0,58377.0,193,416.0383631713555,3,4,3,3.3000000000000003,Gold
Hoeger Ltd,23303292.0,49297.0,190,428.979057591623,4,3,2,3.3,Gold
Hoeger Ltd Pharm,30914624.0,69711.0,184,413.26075268817203,4,4,2,3.6,Platinum
Homenick-Larson,16467605.0,38221.0,185,395.4591836734694,3,2,2,2.5,Silver
Homenick-Larson Pharmaceutical Ltd,17315988.0,41783.0,184,415.86410256410255,3,3,2,2.8,Gold
Huel Inc Pharm,24169351.0,50236.0,201,407.0025510204082,4,3,4,3.7,Platinum
Huels-Klein,23946371.0,55504.0,200,413.863523573201,4,4,4,4.0,Platinum
Huels-Klein Pharmaceutical Ltd,14550335.0,41319.0,195,412.2250639386189,2,3,3,2.5,Silver
Jacobs-Jones Pharma Plc,18970897.0,51403.0,194,412.79319371727746,3,4,3,3.3000000000000003,Gold
Jacobs-Jones Pharmaceutical Ltd,17303434.0,42225.0,194,411.90027700831024,3,3,3,3.0,Gold
Jakubowski Inc Pharma Plc,13945119.0,35684.0,199,418.9423076923077,2,2,4,2.4000000000000004,Silver
Jakubowski Inc Pharmaceutical Limited,4784385.0,9677.0,149,415.1991150442478,1,1,2,1.2000000000000002,Bronze
Jakubowski Inc Pharmacy,22199526.0,49267.0,193,417.10526315789474,4,3,3,3.5,Platinum
Jast-Cruickshank Pharma Plc,3665136.0,8529.0,139,437.6811594202899,1,1,1,1.0,Bronze
Jast-Cruickshank Pharmaceutical Ltd,19451890.0,42044.0,197,403.20942408376965,3,3,4,3.2,Gold
Jast-Cruickshank Pharmacy,12331196.0,33749.0,193,405.4739726027397,2,2,3,2.2,Silver
"Johns, Mueller and Nitzsche",24712891.0,52119.0,192,414.8541666666667,4,4,3,3.8000000000000003,Platinum
"Johns, Mueller and Nitzsche Pharma Plc",17268947.0,46287.5,187,391.72131147540983,3,3,2,2.8,Gold
"Johnson, Friesen and Torphy Pharm",12656990.0,34305.0,178,415.9868073878628,2,2,2,2.0,Silver
"Johnson, Friesen and Torphy Pharma Plc",3226534.0,6930.0,130,424.72486772486775,1,1,1,1.0,Bronze
Keeling LLC Pharmaceutical Limited,26532373.0,55903.0,197,420.2156398104265,4,4,4,4.0,Platinum
Keeling LLC Pharmacy,4530078.0,8694.0,128,414.125,1,1,1,1.0,Bronze
"Kertzmann, Quitzon and Harris",20021173.0,42794.0,192,409.84303797468357,3,3,3,3.0,Gold
"Kertzmann, Quitzon and Harris Pharma Plc",2819581.0,6338.0,131,412.1243523316062,1,1,1,1.0,Bronze
"Kertzmann, Quitzon and Harris Pharmaceutical Limited",14835040.0,34612.0,196,417.5052356020942,2,2,4,2.4000000000000004,Silver
Kertzmann-Ward Pharma Plc,3495786.0,8909.0,145,429.25888324873097,1,1,1,1.0,Bronze
Kertzmann-Ward Pharmaceutical Limited,23151949.0,48699.0,192,407.63227513227514,4,3,3,3.5,Platinum
Kihn Group,26209384.0,55815.0,194,417.00498753117205,4,4,3,3.8000000000000003,Platinum
Kihn Group Pharm,11299828.0,28941.0,196,396.23218997361477,2,2,4,2.4000000000000004,Silver
Kihn Group Pharmaceutical Limited,21723459.0,57269.0,197,418.6307692307692,4,4,4,4.0,Platinum
"Kilback, Beer and Batz",23566905.0,53117.0,191,416.420054200542,4,4,3,3.8000000000000003,Platinum
"Kilback, Beer and Batz Pharma Plc",5009905.0,10127.0,137,430.8186274509804,1,1,1,1.0,Bronze
"Kirlin, Hamill and Dickinson Pharma Plc",13231664.0,35939.0,194,411.7368421052632,2,2,3,2.2,Silver
"Kirlin, Hamill and Dickinson Pharmaceutical Limited",12394267.0,31405.0,177,422.0413223140496,2,2,2,2.0,Silver
Kling Inc,15751199.0,33454.0,184,392.53743315508024,2,2,2,2.0,Silver
Kling Inc Pharm,13323467.0,34046.0,200,402.3453608247423,2,2,4,2.4000000000000004,Silver
Kling Inc Pharmaceutical Ltd,4017753.0,8789.0,137,395.4334975369458,1,1,1,1.0,Bronze
"Koch, Borer and Hagenes",2787706.0,8120.0,141,415.09223300970876,1,1,1,1.0,Bronze
"Koch, Borer and Hagenes Pharm",26877575.0,51897.25,195,412.6527415143603,4,4,3,3.8000000000000003,Platinum
"Koch, Borer and Hagenes Pharmaceutical Ltd",17054360.0,44722.0,195,406.7881773399015,3,3,3,3.0,Gold
Koch-Osinski Pharm,2336644.0,6775.0,134,419.3783783783784,1,1,1,1.0,Bronze
Koch-Osinski Pharmaceutical Ltd,13539952.0,30712.0,194,417.1734693877551,2,2,3,2.2,Silver
Koch-Osinski Pharmacy,18643316.0,46176.0,187,407.9,3,3,2,2.8,Gold
"Koelpin, Luettgen and Abernathy Pharmaceutical Ltd",20073196.0,49689.0,202,407.17191283292976,3,3,4,3.2,Gold
"Koelpin, Luettgen and Abernathy Pharmacy",18731547.0,46339.0,192,396.97172236503854,3,3,3,3.0,Gold
Kohler-Bednar Pharm,26531140.0,72582.0,186,419.34933333333333,4,4,2,3.6,Platinum
Kohler-Bednar Pharmaceutical Ltd,21231109.0,47012.0,198,421.1625615763547,4,3,4,3.7,Platinum
Konopelski-Blick,12360135.0,31418.0,190,418.41711229946526,2,2,2,2.0,Silver
Konopelski-Blick Pharmaceutical Limited,14748118.0,40042.0,203,404.7055702917772,2,2,4,2.4000000000000004,Silver
Koss Ltd Pharma Plc,18642972.0,47801.0,203,414.78411910669973,3,3,4,3.2,Gold
Koss Ltd Pharmaceutical Limited,6361234.0,13794.0,140,427.46534653465346,2,2,1,1.8,Silver
Koss Ltd Pharmaceutical Ltd,20745807.31658,63061.5276382,199,394.8413098236776,3,4,4,3.5,Platinum
Koss-Beier,3560602.0,8114.0,141,425.9086956521739,1,1,1,1.0,Bronze
Koss-Beier Pharmaceutical Limited,12833771.0,37057.0,199,377.1015228426396,2,2,4,2.4000000000000004,Silver
Koss-Beier Pharmacy,22042100.202429,51680.465587045,193,405.92892156862746,4,4,3,3.8000000000000003,Platinum
Kozey Ltd Pharma Plc,36209584.0,82567.0,201,410.8121951219512,4,4,4,4.0,Platinum
Kozey Ltd Pharmaceutical Ltd,3927833.0,9747.0,130,405.7079207920792,1,1,1,1.0,Bronze
Kozey Ltd Pharmacy,21782008.0,42804.0,195,396.31720430107526,4,3,3,3.5,Platinum
Kozey-Emmerich,20673989.0,63350.0,187,412.17525773195877,3,4,2,3.1,Gold
Kozey-Emmerich Pharmacy,24471675.0,52547.0,190,394.68894601542416,4,4,2,3.6,Platinum
Kozey-Schroeder,2692556.0,6626.0,147,390.02843601895734,1,1,1,1.0,Bronze
Kozey-Schroeder Pharm,14886170.0,36478.0,189,424.4864864864865,2,2,2,2.0,Silver
Kozey-Schroeder Pharma Plc,14723207.0,32290.0,191,429.258064516129,2,2,3,2.2,Silver
Kreiger Inc,15567095.0,39630.0,169,403.54302670623144,2,2,2,2.0,Silver
Kreiger Inc Pharm,20444291.0,66599.0,193,414.3569620253165,3,4,3,3.3000000000000003,Gold
Kreiger Inc Pharma Plc,7063000.0,13809.0,152,409.88839285714283,2,2,2,2.0,Silver
Kris LLC Pharm,20255777.0,55198.0,201,395.80278422273784,3,4,4,3.5,Platinum
Kris LLC Pharmaceutical Limited,13490977.0,38384.0,191,411.28606356968214,2,2,3,2.2,Silver
Kris LLC Pharmaceutical Ltd,15762953.0,37657.0,179,421.02259887005647,2,2,2,2.0,Silver
Kris LLC Pharmacy,18272447.0,39848.0,185,416.59065934065933,3,2,2,2.5,Silver
"Kshlerin, Ryan and Leuschke",16996416.0,40971.0,196,418.31516587677726,3,3,4,3.2,Gold
"Kshlerin, Ryan and Leuschke Pharm",15476722.0,39332.0,194,395.25392670157066,2,2,3,2.2,Silver
"Kshlerin, Ryan and Leuschke Pharma Plc",3293958.0,9433.0,133,398.87264150943395,1,1,1,1.0,Bronze
"Kub, Von and Herzog Pharmaceutical Limited",19622265.0,57759.0,185,410.03753351206433,3,4,2,3.1,Gold
"Kub, Von and Herzog Pharmaceutical Ltd",17819138.0,41204.0,188,411.0569105691057,3,3,2,2.8,Gold
"Kub, Von and Herzog Pharmacy",3602060.0,9070.0,133,420.3802083333333,1,1,1,1.0,Bronze
Kuhic LLC,17671833.0,43283.0,187,412.9596774193548,3,3,2,2.8,Gold
Kuhic LLC Pharma Plc,2423879.0,7449.0,125,389.57142857142856,1,1,1,1.0,Bronze
Kuhic LLC Pharmaceutical Limited,11710499.77551,28346.44897959,190,409.88861386138615,2,2,2,2.0,Silver
Kunze PLC Pharm,3501226.0,9073.0,143,415.5747663551402,1,1,1,1.0,Bronze
Kunze PLC Pharma Plc,13453584.0,44186.0,195,408.47008547008545,2,3,3,2.5,Silver
"Kuphal, D'Amore and Bode Pharm",28307927.0,54201.0,197,416.158924205379,4,4,4,4.0,Platinum
"Kuphal, D'Amore and Bode Pharmaceutical Ltd",3400026.0,8918.0,126,413.88770053475935,1,1,1,1.0,Bronze
"Kuphal, D'Amore and Bode Pharmacy",15316826.0,40977.0,198,415.0406698564593,2,3,4,2.7,Gold
"Kuphal, Herzog and Purdy",40796789.0,84823.0,196,430.9192399049881,4,4,4,4.0,Platinum
"Kuphal, Herzog and Purdy Pharmaceutical Limited",24833458.0,52985.0,195,418.6658163265306,4,4,3,3.8000000000000003,Platinum
"Kutch, Daniel and Ortiz Pharm",16809160.0,38018.0,180,419.6827195467422,3,2,2,2.5,Silver
Kutch-Marks Pharm,3231751.0,8393.0,138,397.6649214659686,1,1,1,1.0,Bronze
Kutch-Marks Pharma Plc,15513302.0,49030.0,183,417.4759493670886,2,3,2,2.3,Silver
Kutch-Marks Pharmaceutical Limited,20617497.0,56767.0,191,417.4025974025974,3,4,3,3.3000000000000003,Gold
"Langworth, Olson and Satterfield Pharm",15772110.0,41984.0,195,406.5116883116883,2,3,3,2.5,Silver
"Langworth, Olson and Satterfield Pharmacy",31072449.0,117067.0,181,398.20765027322403,4,4,2,3.6,Platinum
Leannon-West,17512900.0,48454.0,197,416.28921568627453,3,3,4,3.2,Gold
Leannon-West Pharmaceutical Limited,25826483.0,53191.0,185,409.29919137466305,4,4,2,3.6,Platinum
Leannon-West Pharmacy,2559759.0,6701.0,133,390.5853658536585,1,1,1,1.0,Bronze
"Lebsack, Yost and Heller Pharma Plc",19922088.0,43690.0,193,413.13031914893617,3,3,3,3.0,Gold
"Lebsack, Yost and Heller Pharmaceutical Limited",3206856.0,7344.0,135,431.8578431372549,1,1,1,1.0,Bronze
Leffler-Russel Pharm,2379629.0,6618.0,141,403.27272727272725,1,1,1,1.0,Bronze
Leffler-Russel Pharmaceutical Limited,25721319.0,54849.0,196,423.4761904761905,4,4,4,4.0,Platinum
Leffler-Russel Pharmaceutical Ltd,20622800.0,43433.0,195,419.84615384615387,3,3,3,3.0,Gold
Legros-Runte Pharmaceutical Limited,16007135.102041,37005.20408163,185,410.78877005347596,2,2,2,2.0,Silver
Legros-Runte Pharmaceutical Ltd,14770636.0,36040.0,183,413.23719676549865,2,2,2,2.0,Silver
Lemke Ltd Pharm,2345679.0,7478.0,139,406.4032258064516,1,1,1,1.0,Bronze
Lemke Ltd Pharma Plc,20699395.0,51796.0,190,407.745,3,4,2,3.1,Gold
Lemke Ltd Pharmaceutical Limited,15071628.0,40943.0,196,404.3069306930693,2,3,4,2.7,Gold
Lesch PLC Pharma Plc,16539119.33198,36725.90688259,191,429.2032520325203,3,2,3,2.7,Gold
Lesch PLC Pharmaceutical Ltd,3107873.0,8494.0,141,410.37089201877933,1,1,1,1.0,Bronze
Lesch PLC Pharmacy,3230884.0,7762.0,136,406.9470899470899,1,1,1,1.0,Bronze
Leuschke PLC Pharm,12135998.0,34726.0,195,416.65546218487395,2,2,3,2.2,Silver
Leuschke PLC Pharmaceutical Ltd,17277381.0,47041.0,196,395.4371727748691,3,3,4,3.2,Gold
Leuschke PLC Pharmacy,5137740.0,9909.0,139,425.4864864864865,1,1,1,1.0,Bronze
"Leuschke, Waters and Schowalter Pharma Plc",20001994.0,47640.0,188,426.9924812030075,3,3,2,2.8,Gold
"Leuschke, Waters and Schowalter Pharmaceutical Ltd",4129060.0,8610.0,147,435.56796116504853,1,1,1,1.0,Bronze
"Leuschke, Waters and Schowalter Pharmacy",23867707.0,48523.0,182,407.62433862433863,4,3,2,3.3,Gold
Lindgren-Simonis Pharm,4571771.0,9915.0,142,407.3696682464455,1,1,1,1.0,Bronze
Lindgren-Simonis Pharmacy,15471141.0,44634.0,196,419.5940594059406,2,3,4,2.7,Gold
Lockman Ltd,2957683.0,9068.0,140,372.86633663366337,1,1,1,1.0,Bronze
Lockman Ltd Pharm,14684247.0,35345.0,181,415.8520408163265,2,2,2,2.0,Silver
Lockman Ltd Pharma Plc,17461646.0,37995.0,200,415.95226130653265,3,2,4,2.9000000000000004,Gold
Lockman-Welch,15920169.0,35448.0,195,422.4857881136951,2,2,3,2.2,Silver
Lockman-Welch Pharm,2837300.0,6993.0,141,408.2746113989637,1,1,1,1.0,Bronze
Lockman-Welch Pharmaceutical Limited,17335790.0,43807.0,196,376.1265206812652,3,3,4,3.2,Gold
Mann-Waelchi Pharm,2728045.0,6306.0,132,393.46907216494844,1,1,1,1.0,Bronze
Mann-Waelchi Pharma Plc,17692534.0,38638.0,204,418.6090047393365,3,2,4,2.9000000000000004,Gold
Mann-Waelchi Pharmacy,18720448.0,40186.0,194,415.5415617128464,3,2,3,2.7,Gold
Mante-Grady Pharm,3553977.0,9173.0,147,424.30841121495325,1,1,1,1.0,Bronze
Mante-Grady Pharma Plc,18523791.0,51803.0,194,394.3645833333333,3,4,3,3.3000000000000003,Gold
Mante-Grady Pharmaceutical Ltd,16037517.0,37042.0,194,423.85483870967744,2,2,3,2.2,Silver
Marquardt PLC,18752095.0,47469.0,187,418.38442211055275,3,3,2,2.8,Gold
Marquardt PLC Pharmaceutical Ltd,13589800.0,35728.0,187,420.5201072386059,2,2,2,2.0,Silver
Marquardt-Ryan Pharm,12679857.0,28440.0,198,411.24162679425837,2,2,4,2.4000000000000004,Silver
Marquardt-Ryan Pharma Plc,33961522.0,85823.0,191,410.05445544554453,4,4,3,3.8000000000000003,Platinum
Marquardt-Ryan Pharmaceutical Ltd,3454170.0,7557.0,127,391.6457142857143,1,1,1,1.0,Bronze
Mayert-Weber,15742177.0,40960.0,185,424.4251968503937,2,3,2,2.3,Silver
Mayert-Weber Pharmaceutical Ltd,23393254.0,47227.0,195,436.3916083916084,4,3,3,3.5,Platinum
"McClure, Zemlak and Dibbert Pharma Plc",3536029.0,9554.0,134,410.24867724867727,1,1,1,1.0,Bronze
"McClure, Zemlak and Dibbert Pharmaceutical Limited",2530886.0,7673.0,144,413.82159624413146,1,1,1,1.0,Bronze
"McClure, Zemlak and Dibbert Pharmacy",13354207.0,38583.0,191,423.87988826815644,2,2,3,2.2,Silver
McCullough LLC Pharma Plc,3408632.0,8343.0,146,416.55825242718447,1,1,1,1.0,Bronze
McCullough LLC Pharmaceutical Limited,13922199.0,36934.0,193,417.62659846547314,2,2,3,2.2,Silver
McCullough LLC Pharmaceutical Ltd,26009596.0,60408.0,193,421.13513513513516,4,4,3,3.8000000000000003,Platinum
McDermott Group Pharmaceutical Ltd,18297390.0,54100.0,192,440.50611246943765,3,4,3,3.3000000000000003,Gold
McDermott Group Pharmacy,15516544.0,41142.0,192,422.0025510204082,2,3,3,2.5,Silver
McDermott Inc Pharma Plc,29943117.0,75782.0,196,407.5433255269321,4,4,4,4.0,Platinum
McDermott Inc Pharmacy,31550539.0,71507.0,192,413.4504950495049,4,4,3,3.8000000000000003,Platinum
McKenzie-Zemlak Pharm,17622490.8,47871.69,194,393.8708133971292,3,3,3,3.0,Gold
McKenzie-Zemlak Pharma Plc,28444161.0,64463.0,196,398.38676844783714,4,4,4,4.0,Platinum
Medhurst-Beer,19090504.0,45004.0,198,410.2643391521197,3,3,4,3.2,Gold
Medhurst-Beer Pharm,28268206.0,60738.0,189,402.75531914893617,4,4,2,3.6,Platinum
Medhurst-Beer Pharmaceutical Limited,3694840.0,9368.0,113,419.43949044585986,1,1,1,1.0,Bronze
Miller-Satterfield Pharm,16786054.0,43653.0,197,414.12371134020617,3,3,4,3.2,Gold
Miller-Satterfield Pharma Plc,3091263.0,7025.0,141,430.87142857142857,1,1,1,1.0,Bronze
Miller-Satterfield Pharmaceutical Limited,21825298.0,50038.0,201,408.04761904761904,4,3,4,3.7,Platinum
Mills Inc Pharma Plc,4170514.0,10681.0,139,422.5128205128205,1,1,1,1.0,Bronze
Mills Inc Pharmaceutical Ltd,45939009.0,89970.0,187,424.825974025974,4,4,2,3.6,Platinum
Mills Inc Pharmacy,24461745.0,59378.0,196,437.53506493506495,4,4,4,4.0,Platinum
"Moen, Murazik and Smith",4581024.0,10687.0,133,382.73979591836735,1,1,1,1.0,Bronze
"Moen, Murazik and Smith Pharm",50885320.0,94970.0,195,410.7873417721519,4,4,3,3.8000000000000003,Platinum
"Moen, Murazik and Smith Pharmaceutical Ltd",17536137.8882,55881.2108626,196,413.2091836734694,3,4,4,3.5,Platinum
Monahan Ltd,2596736.0,7040.0,128,429.86387434554973,1,1,1,1.0,Bronze
Monahan Ltd Pharma Plc,22617294.0,50601.0,195,409.34183673469386,4,4,3,3.8000000000000003,Platinum
Monahan Ltd Pharmaceutical Ltd,18213409.0,49368.0,196,423.5975,3,3,4,3.2,Gold
Moore PLC Pharm,11821594.0,26027.0,194,414.84302325581393,2,2,3,2.2,Silver
Moore PLC Pharmaceutical Ltd,2513717.0,6425.0,129,414.2209944751381,1,1,1,1.0,Bronze
Mraz Group Pharma Plc,23133178.0,53401.0,197,422.6325,4,4,4,4.0,Platinum
Mraz Group Pharmaceutical Limited,20423132.0,49499.0,191,414.6968085106383,3,3,3,3.0,Gold
Mraz Group Pharmacy,3907690.0,8334.0,140,419.561320754717,1,1,1,1.0,Bronze
Mraz-Kutch Pharm,2262808.0,5558.0,128,406.8793969849246,1,1,1,1.0,Bronze
Mraz-Kutch Pharma Plc,93561780.0,174234.0,189,408.83597883597884,4,4,2,3.6,Platinum
Mraz-Kutch Pharmacy,11938923.0,29894.0,196,419.67175572519085,2,2,4,2.4000000000000004,Silver
Murray PLC,12013852.0,30970.0,191,424.39230769230767,2,2,3,2.2,Silver
Murray PLC Pharma Plc,21289048.0,50815.0,200,402.95544554455444,4,4,4,4.0,Platinum
Nader-Borer Pharm,25575623.0,69062.0,198,412.2985074626866,4,4,4,4.0,Platinum
Nader-Borer Pharma Plc,5079190.0,12727.0,139,441.9217391304348,1,1,1,1.0,Bronze
Nader-Borer Pharmaceutical Limited,13453890.0,34405.0,197,421.49081364829397,2,2,4,2.4000000000000004,Silver
Nader-Gaylord Pharmaceutical Limited,3707047.0,9570.0,135,396.5658536585366,1,1,1,1.0,Bronze
Nader-Gaylord Pharmaceutical Ltd,6200373.0,14123.0,148,386.9956331877729,2,2,1,1.8,Silver
Nader-Gaylord Pharmacy,17267414.0,40374.0,189,409.0241935483871,3,2,2,2.5,Silver
"Nitzsche, Effertz and Maggio",25339434.0,69287.0,199,423.28057553956836,4,4,4,4.0,Platinum
"Nitzsche, Effertz and Maggio Pharmaceutical Limited",23174533.0,48451.0,199,428.24162679425837,4,3,4,3.7,Platinum
"Nitzsche, Effertz and Maggio Pharmacy",5223760.0,12739.0,154,393.57142857142856,2,1,2,1.7000000000000002,Silver
"Nolan, DuBuque and Schultz",16112843.0,37931.0,203,399.8225806451613,2,2,4,2.4000000000000004,Silver
"Nolan, DuBuque and Schultz Pharm",3343612.0,7441.0,125,448.15168539325845,1,1,1,1.0,Bronze
"Nolan, DuBuque and Schultz Pharmacy",18873464.0,39258.0,195,424.37373737373736,3,2,3,2.7,Gold
Okuneva-Corkery,2095542.0,5651.0,132,408.7447916666667,1,1,1,1.0,Bronze
Okuneva-Corkery Pharm,21323000.0,45570.0,198,403.6045918367347,4,3,4,3.7,Platinum
Okuneva-Corkery Pharma Plc,16840527.0,43703.0,182,426.7978436657682,3,3,2,2.8,Gold
Ondricka Ltd,16207564.0,46781.0,183,414.1680216802168,2,3,2,2.3,Silver
Ondricka Ltd Pharmaceutical Ltd,12670917.0,30885.0,186,423.48985507246374,2,2,2,2.0,Silver
Ondricka Ltd Pharmacy,4578864.0,9342.0,126,420.93582887700535,1,1,1,1.0,Bronze
"Ondricka, Rosenbaum and Beahan",4642387.0,13251.0,153,441.57081545064375,1,2,2,1.5,Bronze
"Ondricka, Rosenbaum and Beahan Pharm",17649861.46154,49995.92307692,195,418.438202247191,3,3,3,3.0,Gold
Ondricka-Waters Pharmaceutical Limited,11726828.0,31468.0,193,418.2113402061856,2,2,3,2.2,Silver
Ondricka-Waters Pharmaceutical Ltd,19729526.0,46377.0,196,405.50773195876286,3,3,4,3.2,Gold
Osinski-Botsford Pharm,17335979.0,37249.0,197,426.9151670951157,3,2,4,2.9000000000000004,Gold
Osinski-Botsford Pharmacy,16144534.0,46605.0,191,390.40161725067384,2,3,3,2.5,Silver
Osinski-Collins,28011167.0,52099.0,188,426.824,4,4,2,3.6,Platinum
Osinski-Collins Pharma Plc,16098974.0,35208.0,189,421.8426966292135,2,2,2,2.0,Silver
Osinski-Collins Pharmaceutical Ltd,3884234.8,8814.2,148,413.3820754716981,1,1,1,1.0,Bronze
Parisian Ltd Pharm,3381766.0,10942.0,137,422.6813725490196,1,1,1,1.0,Bronze
Parisian Ltd Pharma Plc,15635527.0,40623.0,205,420.0884520884521,2,2,4,2.4000000000000004,Silver
Parisian Ltd Pharmacy,14442606.0,38918.0,185,393.41269841269843,2,2,2,2.0,Silver
"Parisian, Hagenes and Skiles Pharm",21430428.0,48078.0,186,410.9005376344086,4,3,2,3.3,Gold
"Parisian, Hagenes and Skiles Pharma Plc",2946576.0,7086.0,138,389.9567307692308,1,1,1,1.0,Bronze
"Parisian, Hagenes and Skiles Pharmacy",13925511.0,37489.0,180,408.79714285714283,2,2,2,2.0,Silver
"Parker, Green and Emmerich Pharma Plc",64890501.0,132080.0,201,422.9321608040201,4,4,4,4.0,Platinum
"Parker, Green and Emmerich Pharmacy",29336133.0,66438.0,183,413.38482384823845,4,4,2,3.6,Platinum
Paucek PLC,16824928.0,43175.0,204,425.11538461538464,3,3,4,3.2,Gold
Paucek PLC Pharm,15993869.0,40206.0,187,414.6161616161616,2,2,2,2.0,Silver
"Paucek, Keeling and Bruen Pharm",2835262.0,6392.0,125,448.2842105263158,1,1,1,1.0,Bronze
"Paucek, Keeling and Bruen Pharma Plc",18632011.0,48277.0,193,409.3215189873418,3,3,3,3.0,Gold
"Paucek, Keeling and Bruen Pharmaceutical Limited",16291044.0,38027.0,195,406.89312977099235,3,2,3,2.7,Gold
Pfannerstill Group,18414251.0,48747.0,196,408.935960591133,3,3,4,3.2,Gold
Pfannerstill Group Pharmaceutical Limited,16547668.0,52197.0,197,409.37948717948717,3,4,4,3.5,Platinum
Pfannerstill Group Pharmaceutical Ltd,2627854.0,6093.0,130,413.3722222222222,1,1,1,1.0,Bronze
"Pfannerstill, Upton and Balistreri Pharm",12344160.0,35351.0,191,409.63461538461536,2,2,3,2.2,Silver
"Pfannerstill, Upton and Balistreri Pharmacy",17983292.0,45180.0,189,428.40277777777777,3,3,2,2.8,Gold
Pfeffer-Hodkiewicz,16313574.0,45049.0,189,399.3333333333333,3,3,2,2.8,Gold
Pfeffer-Hodkiewicz Pharm,15917456.0,40482.0,191,403.43617021276594,2,2,3,2.2,Silver
Pfeffer-Hodkiewicz Pharmaceutical Ltd,1679772.0,4165.0,145,413.436018957346,1,1,1,1.0,Bronze
Pfeffer-Kirlin Pharmaceutical Limited,19226447.57143,53735.4285714,196,429.63814180929097,3,4,4,3.5,Platinum
Pfeffer-Kirlin Pharmacy,16240979.0,38755.0,194,413.8523316062176,2,2,3,2.2,Silver
Powlowski-Buckridge,21966431.0,52189.0,197,417.2894736842105,4,4,4,4.0,Platinum
Powlowski-Buckridge Pharma Plc,4039277.0,8403.0,144,430.9219512195122,1,1,1,1.0,Bronze
Powlowski-Buckridge Pharmacy,25692654.0,54706.0,198,418.2736572890026,4,4,4,4.0,Platinum
Predovic LLC Pharmaceutical Limited,35118268.0,98761.0,197,414.0780487804878,4,4,4,4.0,Platinum
Predovic LLC Pharmaceutical Ltd,18361211.0,40802.0,191,406.9840425531915,3,3,3,3.0,Gold
"Prohaska, Bogisich and Gutkowski Pharm",19023462.0,54375.0,194,408.29135802469136,3,4,3,3.3000000000000003,Gold
"Prohaska, Bogisich and Gutkowski Pharmaceutical Limited",37037760.0,82441.0,196,409.90697674418607,4,4,4,4.0,Platinum
Prohaska-Kuhic Pharma Plc,17250473.0,46584.0,189,426.4570707070707,3,3,2,2.8,Gold
Prohaska-Kuhic Pharmaceutical Limited,15249768.0,42383.0,179,407.15425531914894,2,3,2,2.3,Silver
Prohaska-Kuhic Pharmacy,3101884.0,6795.0,132,396.6041666666667,1,1,1,1.0,Bronze
Purdy Ltd,13411245.0,36905.0,201,413.7052896725441,2,2,4,2.4000000000000004,Silver
Purdy Ltd Pharm,20906037.0,53049.0,190,410.88524590163934,3,4,2,3.1,Gold
Purdy Ltd Pharmaceutical Limited,5462556.0,13360.0,128,401.7842105263158,2,2,1,1.8,Silver
Quigley-Heathcote Pharm,21522816.0,53690.0,183,415.8826815642458,4,4,2,3.6,Platinum
Quigley-Heathcote Pharmaceutical Ltd,28708135.0,69797.0,193,416.5917808219178,4,4,3,3.8000000000000003,Platinum
Raynor LLC Pharm,21622957.0,49755.0,188,428.468253968254,4,3,2,3.3,Gold
Raynor LLC Pharmaceutical Limited,26220594.0,75224.0,192,429.2292817679558,4,4,3,3.8000000000000003,Platinum
Raynor-Graham,40464749.0,87839.0,185,413.5969387755102,4,4,2,3.6,Platinum
Raynor-Graham Pharma Plc,19343253.0,53829.0,193,410.857908847185,3,4,3,3.3000000000000003,Gold
Raynor-Graham Pharmaceutical Limited,2624693.0,6255.0,139,380.49557522123894,1,1,1,1.0,Bronze
Reichel Inc,43495626.0,90563.0,194,411.7877094972067,4,4,3,3.8000000000000003,Platinum
Reichel Inc Pharm,15055189.0,36989.0,193,420.5759162303665,2,2,3,2.2,Silver
Reilly Ltd,3627565.0,8420.0,130,426.9301075268817,1,1,1,1.0,Bronze
Reilly Ltd Pharma Plc,21219227.30669,60637.5512759,196,403.31666666666666,4,4,4,4.0,Platinum
Reilly Ltd Pharmacy,34834844.0,71329.0,195,420.00235294117647,4,4,3,3.8000000000000003,Platinum
Reinger Group Pharma Plc,17164814.0,42194.0,190,423.5598885793872,3,3,2,2.8,Gold
Reinger Group Pharmaceutical Limited,18358327.0,42149.0,195,420.825974025974,3,3,3,3.0,Gold
"Reinger, Kihn and Goyette Pharma Plc",19778627.0,41896.0,203,430.0122549019608,3,3,4,3.2,Gold
"Reinger, Kihn and Goyette Pharmaceutical Limited",22515286.0,54225.0,171,411.86803519061584,4,4,2,3.6,Platinum
"Reynolds, Jast and Mante",21740500.0,52406.0,197,412.6146341463415,4,4,4,4.0,Platinum
"Reynolds, Jast and Mante Pharm",20640886.0,52968.0,191,408.38422391857506,3,4,3,3.3000000000000003,Gold
"Reynolds, Jast and Mante Pharma Plc",2595109.0,7352.0,128,418.72527472527474,1,1,1,1.0,Bronze
Ritchie-Rodriguez Pharm,4467582.0,8143.0,145,417.5,1,1,1,1.0,Bronze
Ritchie-Rodriguez Pharmacy,17239990.0,50663.0,199,396.69521410579347,3,4,4,3.5,Platinum
"Rodriguez, Stokes and Dickens",20541665.0,44217.0,182,415.4851752021563,3,3,2,2.8,Gold
"Rodriguez, Stokes and Dickens Pharma Plc",23460867.0,56737.0,188,404.06467661691545,4,4,2,3.6,Platinum
Rogahn-Klein Pharm,13172559.0,39881.0,188,416.1489361702128,2,2,2,2.0,Silver
Rogahn-Klein Pharma Plc,23135473.0,51230.0,203,413.38862559241704,4,4,4,4.0,Platinum
Rogahn-Klein Pharmacy,2311818.0,5971.0,145,403.31944444444446,1,1,1,1.0,Bronze
Rohan Inc,3926971.0,10201.0,140,414.8076923076923,1,1,1,1.0,Bronze
Rohan Inc Pharm,19951746.0,52937.0,182,422.8783783783784,3,4,2,3.1,Gold
Rohan Inc Pharmaceutical Limited,22613614.0,46939.0,190,432.0230769230769,4,3,2,3.3,Gold
Rohan PLC Pharmaceutical Limited,2521239.0,5476.0,129,405.0257731958763,1,1,1,1.0,Bronze
Rohan PLC Pharmacy,13978216.0,34478.0,175,419.02645502645504,2,2,2,2.0,Silver
Rohan and Sons Pharma Plc,21305652.0,53842.0,198,401.68948655256725,4,4,4,4.0,Platinum
Rohan and Sons Pharmaceutical Limited,11842430.0,29123.0,192,407.4232804232804,2,2,3,2.2,Silver
"Romaguera, Moen and Hagenes Pharm",21255149.0,50130.0,190,427.73316708229424,4,3,2,3.3,Gold
"Romaguera, Moen and Hagenes Pharmaceutical Limited",3111337.0,8941.0,132,414.5531914893617,1,1,1,1.0,Bronze
"Romaguera, Moen and Hagenes Pharmacy",42066659.9681,91253.7348243,191,419.8261904761905,4,4,3,3.8000000000000003,Platinum
Romaguera-Fay Pharmaceutical Limited,3329758.0,10279.0,140,414.11557788944725,1,1,1,1.0,Bronze
Romaguera-Fay Pharmaceutical Ltd,21247656.0,43196.0,186,434.9265536723164,4,3,2,3.3,Gold
Roob PLC,4390668.0,8890.0,132,418.7936507936508,1,1,1,1.0,Bronze
Roob PLC Pharm,20926781.0,49187.0,195,420.99759036144576,4,3,3,3.5,Platinum
Roob PLC Pharmaceutical Limited,22007985.0,52903.0,189,394.4478371501272,4,4,2,3.6,Platinum
"Roob, Ernser and Kub Pharmaceutical Limited",4206718.0,8640.0,120,412.75916230366494,1,1,1,1.0,Bronze
"Roob, Ernser and Kub Pharmaceutical Ltd",10990529.0,26254.0,185,418.7464788732394,2,2,2,2.0,Silver
"Roob, Ernser and Kub Pharmacy",17692456.0,44952.0,200,396.4567901234568,3,3,4,3.2,Gold
"Rosenbaum, Klein and Herzog",2864547.0,6499.0,142,424.7794871794872,1,1,1,1.0,Bronze
"Rosenbaum, Klein and Herzog Pharma Plc",15130196.0,39909.0,200,417.61436170212767,2,2,4,2.4000000000000004,Silver
"Rosenbaum, Klein and Herzog Pharmaceutical Ltd",14918650.0,37633.0,187,429.73015873015873,2,2,2,2.0,Silver
Rosenbaum-Tromp Pharm,14675189.0,45757.0,200,409.6409574468085,2,3,4,2.7,Gold
Rosenbaum-Tromp Pharmacy,26339532.0,51976.0,181,400.6730245231608,4,4,2,3.6,Platinum
Rowe PLC,15353117.0,42632.0,200,397.33658536585364,2,3,4,2.7,Gold
Rowe PLC Pharm,21546337.0,57009.0,188,412.06702412868634,4,4,2,3.6,Platinum
Rowe PLC Pharmaceutical Ltd,2271736.0,6523.0,137,395.88235294117646,1,1,1,1.0,Bronze
"Runolfsson, Swaniawski and Jaskolski Pharmaceutical Limited",36479210.0,74360.0,192,424.9198966408269,4,4,3,3.8000000000000003,Platinum
"Runolfsson, Swaniawski and Jaskolski Pharmacy",3043450.0,7633.0,148,402.56481481481484,1,1,1,1.0,Bronze
Runolfsson-Halvorson Pharm,31642569.0,72473.0,199,411.2285012285012,4,4,4,4.0,Platinum
Runolfsson-Halvorson Pharmacy,17223509.0,42253.0,193,395.6766917293233,3,3,3,3.0,Gold
Runolfsson-Powlowski Pharmaceutical Limited,14949597.0,37821.0,190,406.7,2,2,2,2.0,Silver
Runolfsson-Powlowski Pharmacy,30369421.0,64774.0,185,401.84910485933506,4,4,2,3.6,Platinum
Runte-Marquardt Pharm,17661974.0,40014.0,188,421.9581151832461,3,2,2,2.5,Silver
Runte-Marquardt Pharmaceutical Ltd,3158566.0,7341.0,133,408.56716417910445,1,1,1,1.0,Bronze
Runte-Marquardt Pharmacy,21319134.0,50059.0,186,399.6481994459834,4,3,2,3.3,Gold
Rutherford and Sons,4480098.0,9738.0,142,407.6555023923445,1,1,1,1.0,Bronze
Rutherford and Sons Pharm,28046966.0,66314.0,202,420.7445255474453,4,4,4,4.0,Platinum
Rutherford and Sons Pharmaceutical Ltd,19824807.0,51264.0,191,423.4638403990025,3,4,3,3.3000000000000003,Gold
"Sanford, Franecki and Greenholt",3070886.0,8962.0,155,417.56502242152465,1,1,2,1.2000000000000002,Bronze
"Sanford, Franecki and Greenholt Pharma Plc",19908055.0,48215.0,185,416.23262032085563,3,3,2,2.8,Gold
"Sanford, Franecki and Greenholt Pharmaceutical Ltd",20610430.0,43870.0,198,414.075,3,3,4,3.2,Gold
Sauer and Sons,13536070.0,33161.0,182,403.5698924731183,2,2,2,2.0,Silver
Sauer and Sons Pharmaceutical Limited,2973298.0,8652.0,133,426.5048076923077,1,1,1,1.0,Bronze
Sauer and Sons Pharmacy,15935851.0,37695.0,182,375.8328358208955,2,2,2,2.0,Silver
Sauer-Herzog Pharmaceutical Limited,23371565.0,49555.0,186,402.0972972972973,4,3,2,3.3,Gold
Sauer-Herzog Pharmacy,16994328.0,44732.0,199,408.37113402061857,3,3,4,3.2,Gold
Schaden-Hirthe,12523819.0,35051.0,187,401.271186440678,2,2,2,2.0,Silver
Schaden-Hirthe Pharmaceutical Ltd,3352381.0,7666.0,141,412.5121951219512,1,1,1,1.0,Bronze
Schaefer Group,23902163.2,48427.6,191,425.87131367292227,4,3,3,3.5,Platinum
Schaefer Group Pharmaceutical Limited,2989447.0,8490.0,130,416.1387559808612,1,1,1,1.0,Bronze
Schaefer Group Pharmaceutical Ltd,14974616.0,36954.0,177,398.0888252148997,2,2,2,2.0,Silver
Schaefer LLC Pharma Plc,14407122.0,35819.0,187,414.14166666666665,2,2,2,2.0,Silver
Schaefer LLC Pharmacy,2620098.0,6062.0,127,432.5026455026455,1,1,1,1.0,Bronze
Schaefer-Rolfson,2631811.0,5635.0,117,432.0925925925926,1,1,1,1.0,Bronze
Schaefer-Rolfson Pharma Plc,15895407.0,37331.0,194,417.25706940874034,2,2,3,2.2,Silver
Schaefer-Rolfson Pharmacy,25752521.0,62708.0,202,436.1304347826087,4,4,4,4.0,Platinum
Schimmel-Waelchi Pharma Plc,17911176.0,42921.0,192,412.23821989528795,3,3,3,3.0,Gold
Schimmel-Waelchi Pharmaceutical Limited,18476676.0,40169.0,193,427.54502369668245,3,2,3,2.7,Gold
Schimmel-Waelchi Pharmaceutical Ltd,2377130.0,7030.0,143,414.94761904761907,1,1,1,1.0,Bronze
"Schinner, Gaylord and Treutel Pharmaceutical Limited",11028227.0,30721.0,187,386.1864406779661,2,2,2,2.0,Silver
"Schinner, Gaylord and Treutel Pharmaceutical Ltd",2690295.0,6608.0,130,418.33816425120773,1,1,1,1.0,Bronze
"Schinner, Gaylord and Treutel Pharmacy",12306464.0,29796.0,197,415.0026315789474,2,2,4,2.4000000000000004,Silver
Schmitt LLC Pharm,3341084.0,7900.0,144,404.02764976958525,1,1,1,1.0,Bronze
Schmitt LLC Pharma Plc,18286334.0,45523.0,194,426.94430379746836,3,3,3,3.0,Gold
"Schmitt, Berge and Haley Pharma Plc",2384835.0,7362.0,131,365.73056994818654,1,1,1,1.0,Bronze
"Schmitt, Berge and Haley Pharmaceutical Ltd",19608106.0,43133.0,182,401.9974093264249,3,3,2,2.8,Gold
"Schowalter, Runolfsson and VonRueden Pharmaceutical Limited",31069500.0,122588.0,189,433.9521410579345,4,4,2,3.6,Platinum
"Schowalter, Runolfsson and VonRueden Pharmaceutical Ltd",4480859.0,11509.0,134,411.00454545454545,1,1,1,1.0,Bronze
Schulist LLC Pharmaceutical Limited,21735153.778894,45138.512562814,186,410.48118279569894,4,3,2,3.3,Gold
Schulist-Zulauf,28393501.0,60544.0,191,404.4829268292683,4,4,3,3.8000000000000003,Platinum
Schulist-Zulauf Pharm,2726406.0,6555.0,135,389.16410256410256,1,1,1,1.0,Bronze
Schulist-Zulauf Pharmaceutical Ltd,17355962.0,48063.0,189,404.3746835443038,3,3,2,2.8,Gold
Schuppe Inc,18530700.0,53218.0,183,395.3911917098446,3,4,2,3.1,Gold
Schuppe Inc Pharm,25768671.0,63439.0,200,402.07304785894206,4,4,4,4.0,Platinum
Senger-Kirlin Pharma Plc,18104944.0,40721.0,188,406.1,3,3,2,2.8,Gold
Senger-Kirlin Pharmaceutical Ltd,33714954.0,71743.0,193,406.8997429305913,4,4,3,3.8000000000000003,Platinum
Senger-Kirlin Pharmacy,2918224.0,6836.0,134,414.81516587677726,1,1,1,1.0,Bronze
Sipes and Sons Pharma Plc,16316094.0,41209.0,180,409.2924791086351,3,3,2,2.8,Gold
Sipes and Sons Pharmaceutical Limited,14964183.0,33776.0,191,401.712,2,2,3,2.2,Silver
Skiles-McKenzie Pharmaceutical Limited,26418367.0,54593.0,176,430.9426934097421,4,4,2,3.6,Platinum
Skiles-McKenzie Pharmacy,18389344.0,48728.0,192,418.04901960784315,3,3,3,3.0,Gold
Smith Inc Pharm,13889587.0,34133.0,184,404.46449704142015,2,2,2,2.0,Silver
Smith Inc Pharmacy,30887275.0,85727.0,194,418.2034739454094,4,4,3,3.8000000000000003,Platinum
Spencer-Jerde Pharmaceutical Limited,19269849.0,44155.0,202,428.9107981220657,3,3,4,3.2,Gold
Spencer-Jerde Pharmacy,3830684.0,8501.0,138,411.9095238095238,1,1,1,1.0,Bronze
"Spinka, Schowalter and Conn",21604758.0,46031.0,201,413.8659090909091,4,3,4,3.7,Platinum
"Spinka, Schowalter and Conn Pharma Plc",28704816.0,87685.0,191,420.4503816793893,4,4,3,3.8000000000000003,Platinum
"Spinka, Schowalter and Conn Pharmaceutical Limited",3752993.0,9497.0,140,406.09326424870466,1,1,1,1.0,Bronze
Stanton-Cole,3577304.0,7179.0,129,441.17127071823205,1,1,1,1.0,Bronze
Stanton-Cole Pharma Plc,16630149.0,40824.0,197,403.68123393316193,3,3,4,3.2,Gold
Stanton-Cole Pharmacy,19043192.0,46556.0,197,385.62626262626264,3,3,4,3.2,Gold
Stehr-Champlin Pharmaceutical Limited,2413607.0,5796.0,142,429.56363636363636,1,1,1,1.0,Bronze
Stehr-Champlin Pharmacy,37465602.0,89569.0,191,387.45092838196285,4,4,3,3.8000000000000003,Platinum
Steuber Ltd Pharm,16006057.0,61409.0,196,399.1657894736842,2,4,4,3.0,Gold
Steuber Ltd Pharmaceutical Limited,17510886.0,39974.0,182,431.550408719346,3,2,2,2.5,Silver
Steuber Ltd Pharmacy,2676869.0,8481.0,128,398.45595854922277,1,1,1,1.0,Bronze
"Steuber, Hills and Botsford",22559996.0,54489.0,200,420.73267326732673,4,4,4,4.0,Platinum
"Steuber, Hills and Botsford Pharma Plc",17795955.0,44332.0,185,420.2493074792244,3,3,2,2.8,Gold
"Steuber, Skiles and Kilback Pharma Plc",4178267.0,11009.0,141,417.5980861244019,1,1,1,1.0,Bronze
"Steuber, Skiles and Kilback Pharmaceutical Limited",20126180.0,49363.0,192,409.7692307692308,3,3,3,3.0,Gold
"Steuber, Skiles and Kilback Pharmacy",21141286.0,44701.0,195,409.79052369077306,4,3,3,3.5,Platinum
Streich PLC,44454616.0,103978.0,196,413.9475138121547,4,4,4,4.0,Platinum
Streich PLC Pharm,25646105.0,60120.0,194,404.8975069252078,4,4,3,3.8000000000000003,Platinum
Streich PLC Pharmaceutical Limited,5287741.0,10166.0,141,433.4626168224299,2,1,1,1.5,Bronze
Terry-Kub Pharma Plc,17495713.0,41441.0,191,433.8632911392405,3,3,3,3.0,Gold
Terry-Kub Pharmaceutical Ltd,18492869.0,41893.0,198,430.1225,3,3,4,3.2,Gold
Tillman Group Pharma Plc,22217841.0,48103.0,177,405.906914893617,4,3,2,3.3,Gold
Tillman Group Pharmaceutical Limited,12103140.0,36568.0,184,408.5223097112861,2,2,2,2.0,Silver
Torp-Fisher,24617043.0,49728.0,176,406.75783475783476,4,3,2,3.3,Gold
Torp-Fisher Pharma Plc,4160580.0,8597.0,144,398.5565610859729,1,1,1,1.0,Bronze
"Torphy, Pfeffer and Jakubowski Pharm",41514215.0,85885.0,183,399.1844155844156,4,4,2,3.6,Platinum
"Torphy, Pfeffer and Jakubowski Pharmaceutical Ltd",13807772.0,36769.0,199,407.0,2,2,4,2.4000000000000004,Silver
"Towne, Cummerata and Blanda Pharm",4477560.0,10333.0,137,410.79661016949154,1,1,1,1.0,Bronze
"Towne, Cummerata and Blanda Pharmaceutical Limited",15651019.0,39689.0,191,393.5473684210526,2,2,3,2.2,Silver
"Towne, Cummerata and Blanda Pharmaceutical Ltd",20408392.0,66558.0,193,380.3288409703504,3,4,3,3.3000000000000003,Gold
Trantow LLC Pharm,14220908.0,40825.0,200,389.73995271867614,2,3,4,2.7,Gold
Trantow LLC Pharma Plc,3768587.0,7919.0,127,421.5081967213115,1,1,1,1.0,Bronze
Trantow LLC Pharmacy,24450589.0,57458.0,191,424.12628865979383,4,4,3,3.8000000000000003,Platinum
Turner Ltd,18452148.0,47895.0,194,388.479057591623,3,3,3,3.0,Gold
Turner Ltd Pharmacy,22473558.0,88871.0,196,411.2473404255319,4,4,4,4.0,Platinum
Upton PLC Pharma Plc,15306351.0,34138.0,201,405.9632352941176,2,2,4,2.4000000000000004,Silver
Upton PLC Pharmaceutical Limited,15827332.0,38055.0,191,421.63352272727275,2,2,3,2.2,Silver
"Upton, Abernathy and Goodwin Pharm",16472204.0,45278.0,195,396.9312039312039,3,3,3,3.0,Gold
"Upton, Abernathy and Goodwin Pharmaceutical Limited",12302834.0,30033.0,195,412.70380434782606,2,2,3,2.2,Silver
"Upton, Abernathy and Goodwin Pharmaceutical Ltd",2971636.0,7651.0,144,393.4930875576037,1,1,1,1.0,Bronze
Vandervort LLC Pharm,14647896.0,35863.0,183,418.61498708010333,2,2,2,2.0,Silver
Vandervort LLC Pharma Plc,4184133.0,9249.0,149,423.85377358490564,1,1,2,1.2000000000000002,Bronze
Vandervort LLC Pharmaceutical Ltd,20964778.0,46703.0,192,390.1138211382114,4,3,3,3.5,Platinum
Veum and Sons Pharmaceutical Limited,26826785.0,58394.0,192,424.0911392405063,4,4,3,3.8000000000000003,Platinum
Veum and Sons Pharmaceutical Ltd,26177593.0,59083.0,196,418.62068965517244,4,4,4,4.0,Platinum
Veum-Kerluke Pharma Plc,15752854.0,33918.0,185,418.85166240409205,2,2,2,2.0,Silver
Veum-Kerluke Pharmacy,2832805.0,7469.0,133,408.7204301075269,1,1,1,1.0,Bronze
VonRueden-Adams Pharm,18137914.0,46404.0,190,412.6592592592593,3,3,2,2.8,Gold
VonRueden-Adams Pharmaceutical Limited,14591022.0,34864.0,189,418.8838383838384,2,2,2,2.0,Silver
Waelchi LLC Pharm,14555977.0,33029.0,200,419.4453125,2,2,4,2.4000000000000004,Silver
Waelchi LLC Pharmaceutical Limited,18456035.81377,40922.8744939,195,405.1111111111111,3,3,3,3.0,Gold
Waelchi LLC Pharmacy,3168766.0,11960.0,133,411.76847290640393,1,1,1,1.0,Bronze
Walsh-Brown Pharma Plc,15306204.0,40200.0,196,406.8604060913706,2,2,4,2.4000000000000004,Silver
Walsh-Brown Pharmaceutical Ltd,21140465.658291,45934.010050251,188,403.48238482384824,4,3,2,3.3,Gold
Walsh-Brown Pharmacy,4516298.0,8759.0,131,445.6363636363636,1,1,1,1.0,Bronze
Walter Ltd,2232664.0,6420.0,134,394.0,1,1,1,1.0,Bronze
Walter Ltd Pharmaceutical Limited,13129692.52764,29624.879397,188,436.1536312849162,2,2,2,2.0,Silver
Ward Group Pharm,13188028.0,31374.0,188,415.6763157894737,2,2,2,2.0,Silver
Ward Group Pharma Plc,20697185.0,42970.0,198,428.0501253132832,3,3,4,3.2,Gold
Ward Group Pharmaceutical Limited,4787357.0,9657.0,128,432.0268817204301,1,1,1,1.0,Bronze
"Watsica, Larson and Labadie Pharma Plc",17505127.0,40270.0,195,430.15633423180594,3,2,3,2.7,Gold
"Watsica, Larson and Labadie Pharmaceutical Ltd",30633647.0,63592.0,196,406.9850746268657,4,4,4,4.0,Platinum
Watsica-Kovacek Pharmaceutical Ltd,21523843.0,49863.0,191,428.05390835579516,4,3,3,3.5,Platinum
Watsica-Kovacek Pharmacy,21508807.0,51417.0,192,421.15641025641025,4,4,3,3.8000000000000003,Platinum
Weber Ltd Pharmaceutical Ltd,16649251.0,43087.0,201,406.48853211009174,3,3,4,3.2,Gold
Weber Ltd Pharmacy,13939423.0,35063.0,195,420.24594594594595,2,2,3,2.2,Silver
Wehner-Stehr,33097541.0,69280.0,187,419.1730279898219,4,4,2,3.6,Platinum
Wehner-Stehr Pharm,13605696.0,34953.0,192,416.06201550387595,2,2,3,2.2,Silver
Welch-Langworth,2674619.0,7562.0,144,401.3989898989899,1,1,1,1.0,Bronze
Welch-Langworth Pharm,13016333.0,32824.0,186,416.26342710997443,2,2,2,2.0,Silver
Welch-Orn,4375067.0,11353.0,125,381.6825396825397,1,1,1,1.0,Bronze
Welch-Orn Pharm,17144623.0,46321.0,198,425.3842482100239,3,3,4,3.2,Gold
Welch-Orn Pharmacy,13905998.0,33294.0,208,417.9950248756219,2,2,4,2.4000000000000004,Silver
West Group Pharm,14837356.0,33034.0,188,412.41847826086956,2,2,2,2.0,Silver
West Group Pharma Plc,13001329.0,48696.0,193,409.71253071253074,2,3,3,2.5,Silver
West Group Pharmacy,2260025.0,4908.0,132,436.0471204188482,1,1,1,1.0,Bronze
White Inc Pharm,20542811.0,53777.0,195,431.07481296758107,3,4,3,3.3000000000000003,Gold
White Inc Pharmacy,14110472.0,42897.0,191,394.68123393316193,2,3,3,2.5,Silver
"Wiegand, Jast and Yost",15396422.0,36859.0,184,413.5128205128205,2,2,2,2.0,Silver
"Wiegand, Jast and Yost Pharma Plc",1796446.0,5210.0,116,403.9512195121951,1,1,1,1.0,Bronze
"Wiegand, Jast and Yost Pharmaceutical Ltd",33075207.0,72907.0,194,393.78061224489795,4,4,3,3.8000000000000003,Platinum
Will and Sons Pharma Plc,2547983.0,6963.0,141,391.11,1,1,1,1.0,Bronze
Will and Sons Pharmaceutical Limited,3773857.0,10250.0,134,434.6020942408377,1,1,1,1.0,Bronze
Will and Sons Pharmacy,21770674.0,51052.0,176,405.73316062176167,4,4,2,3.6,Platinum
"Will, McGlynn and Fritsch Pharmaceutical Limited",15624628.0,37742.0,197,406.9075,2,2,4,2.4000000000000004,Silver
"Will, McGlynn and Fritsch Pharmaceutical Ltd",14912794.0,36289.0,195,404.9128065395095,2,2,3,2.2,Silver
"Wintheiser, Breitenberg and Gottlieb",16754942.0,42152.0,193,411.8642297650131,3,3,3,3.0,Gold
"Wintheiser, Breitenberg and Gottlieb Pharma Plc",19647009.0,47201.0,187,403.28715365239293,3,3,2,2.8,Gold
"Wintheiser, Breitenberg and Gottlieb Pharmaceutical Limited",4176930.0,8807.0,127,381.42931937172773,1,1,1,1.0,Bronze
"Wisozk, Brekke and Bartoletti",14805318.0,38531.0,196,410.2979274611399,2,2,4,2.4000000000000004,Silver
"Wisozk, Brekke and Bartoletti Pharmacy",18179497.0,45877.0,198,402.6593137254902,3,3,4,3.2,Gold
Wolff Group,14111671.0,38778.0,197,405.89303482587064,2,2,4,2.4000000000000004,Silver
Wolff Group Pharm,2712648.0,6970.0,132,409.8811881188119,1,1,1,1.0,Bronze
Wolff Group Pharmaceutical Ltd,14092909.0,39155.0,188,387.48849104859335,2,2,2,2.0,Silver
"Wuckert, Kreiger and Howell",17876232.0,44910.0,201,414.77017114914423,3,3,4,3.2,Gold
"Wuckert, Kreiger and Howell Pharma Plc",25290286.0,53346.0,201,419.6528117359413,4,4,4,4.0,Platinum
"Wunsch, Mills and Walter",2757470.0,6969.0,129,403.8495145631068,1,1,1,1.0,Bronze
"Wunsch, Mills and Walter Pharm",21947346.0,51410.0,186,414.1640625,4,4,2,3.6,Platinum
"Wunsch, Mills and Walter Pharmaceutical Limited",23000519.0,57980.0,192,418.87433155080214,4,4,3,3.8000000000000003,Platinum
"Yundt, Leuschke and Ward",16091963.0,40118.0,191,414.5612745098039,2,2,3,2.2,Silver
"Yundt, Leuschke and Ward Pharma Plc",18451676.0,43226.0,187,408.3885714285714,3,3,2,2.8,Gold
"Yundt, Leuschke and Ward Pharmaceutical Ltd",3029636.0,6990.0,142,415.23267326732673,1,1,1,1.0,Bronze
Yundt-Crona Pharm,22630547.0,57800.0,197,410.57142857142856,4,4,4,4.0,Platinum
Yundt-Crona Pharmaceutical Ltd,2667767.0,6032.0,144,424.3,1,1,1,1.0,Bronze
Zemlak Group Pharm,30580526.0,56050.0,200,410.14784946236557,4,4,4,4.0,Platinum
Zemlak Group Pharmaceutical Limited,2228898.0,6638.0,148,423.3018018018018,1,1,1,1.0,Bronze
Zemlak Group Pharmacy,12872896.110553,32302.758794,198,388.4577114427861,2,2,4,2.4000000000000004,Silver
Zemlak-Witting,56006680.0,124868.0,188,408.16321243523316,4,4,2,3.6,Platinum
Zemlak-Witting Pharmaceutical Limited,11948953.0,32620.0,193,410.52574525745257,2,2,3,2.2,Silver
Zemlak-Witting Pharmacy,3125023.0,7615.0,134,437.37089201877933,1,1,1,1.0,Bronze
"Zieme, Doyle and Kunze",2726368.0,7253.0,138,407.4183673469388,1,1,1,1.0,Bronze
"Zieme, Doyle and Kunze Pharm",25305007.0,57655.0,198,413.6972972972973,4,4,4,4.0,Platinum
"Zieme, Doyle and Kunze Pharmacy",14150953.0,34664.0,190,406.5380434782609,2,2,2,2.0,Silver
